{"options":{"collation":{"numericOrdering":false,"alternate":"non-ignorable","maxVariable":"punct","normalization":false,"version":"57.1","caseLevel":true,"caseFirst":"off","strength":{"$numberInt":"5"},"locale":"en","backwards":false}},"indexes":[{"v":{"$numberInt":"2"},"key":{"_id":{"$numberInt":"1"}},"name":"_id_","collation":{"locale":"en","caseLevel":true,"caseFirst":"off","strength":{"$numberInt":"5"},"numericOrdering":false,"alternate":"non-ignorable","maxVariable":"punct","normalization":false,"backwards":false,"version":"57.1"}}],"uuid":"5f06cd06d3d1484095b6a251d486e18a","collectionName":"scanCache","type":"collection"}